"id","geom","grupo"
1,POINT (-5.300087566340136 37.588388615274326),1
2,POINT (-4.934615903484936 37.448349437123184),2
3,POINT (-4.749413723835526 37.10827967993063),3
4,POINT (-5.1015004843042275 37.943296050400946),4
5,POINT (-4.842065481194641 38.15400351751332),5
